,count,mean,std,min,25%,50%,75%,max
age,20000.0,46.49255,16.767960601177357,18.0,32.0,46.5,61.0,75.0
n_sessions,20000.0,6.0,2.4682189135549266,0.0,4.0,6.0,8.0,17.0
n_orders,20000.0,1.679,1.2929588497432378,0.0,1.0,2.0,2.0,9.0
gross_revenue_usd,20000.0,224.66087349999998,262.2729006014565,0.0,32.160000000000004,145.39,322.4,3026.42
avg_order_value_usd,20000.0,109.1372048468254,122.4237549371915,0.0,27.14,82.58,151.0525,2680.64
n_reviews,20000.0,0.539,1.1102885377377592,0.0,0.0,0.0,1.0,10.0
